Workbook

Sheet fund_value
B1: 510300 | C1: 510500 | D1: 512660 | E1: 512800 | F1: 513500 | G1: 持仓金额 | H1: 发生金额 | I1: 账面现金 | J1: 基金申赎 | K1: 总资产 | L1: 份额确认 | M1: 基金份额 | N1: 基金净值 | O1: 上证指数 | P1: 比较基准
A2: 43080 | B2: 0 | C2: 0 | D2: 0 | E2: 0 | F2: 0 | G2: 0 | H2: 0 | I2: 0 | J2: 0 | K2: 0 | L2: 0 | M2: 0 | N2: 1 | O2: =_xlfn.IFNA(VLOOKUP(A2,sh_auto!B:D,3,FALSE),A1) -> 3322.2 | P2: 1
A3: 43081 | B3: 0 | C3: 0 | D3: 0 | E3: 0 | F3: 0 | G3: 0 | H3: 0 | I3: 0 | J3: 0 | K3: 0 | L3: 0 | M3: 0 | N3: 1 | O3: =_xlfn.IFNA(VLOOKUP(A3,sh_auto!B:D,3,FALSE),A2) -> 3280.81 | P3: =O3/$O$2 -> 0.98754139
A4: 43082 | B4: 0 | C4: 0 | D4: 0 | E4: 0 | F4: 0 | G4: 0 | H4: 0 | I4: 0 | J4: 0 | K4: 0 | L4: 0 | M4: 0 | N4: 1 | O4: =_xlfn.IFNA(VLOOKUP(A4,sh_auto!B:D,3,FALSE),A3) -> 3303.04 | P4: =O4/$O$2 -> 0.99423274
A5: 43083 | B5: 39974.2 | C5: 0 | D5: 0 | E5: 0 | F5: 0 | G5: 39974.2 | H5: -3897.97 | I5: -3897.97 | J5: 36000 | K5: 36076.23 | L5: 36000 | M5: 36000 | N5: 1.0021175 | O5: =_xlfn.IFNA(VLOOKUP(A5,sh_auto!B:D,3,FALSE),A4) -> 3292.44 | P5: =O5/$O$2 -> 0.99104208
A6: 43084 | B6: 39445 | C6: 0 | D6: 0 | E6: 0 | F6: 0 | G6: 39445 | H6: -3897.97 | I6: -3897.97 | J6: 0 | K6: 35547.03 | L6: 0 | M6: 36000 | N6: 0.9874175 | O6: =_xlfn.IFNA(VLOOKUP(A6,sh_auto!B:D,3,FALSE),A5) -> 3266.14 | P6: =O6/$O$2 -> 0.98312564
A7: 43087 | B7: 39454.8 | C7: 0 | D7: 0 | E7: 0 | F7: 0 | G7: 39454.8 | H7: -3897.97 | I7: -3897.97 | J7: 0 | K7: 35556.83 | L7: 0 | M7: 36000 | N7: 0.98768972 | O7: =_xlfn.IFNA(VLOOKUP(A7,sh_auto!B:D,3,FALSE),A6) -> 3267.92 | P7: =O7/$O$2 -> 0.98366143
A8: 43088 | B8: 39974.2 | C8: 0 | D8: 0 | E8: 0 | F8: 0 | G8: 39974.2 | H8: -3897.97 | I8: -3897.97 | J8: 0 | K8: 36076.23 | L8: 0 | M8: 36000 | N8: 1.0021175 | O8: =_xlfn.IFNA(VLOOKUP(A8,sh_auto!B:D,3,FALSE),A7) -> 3296.54 | P8: =O8/$O$2 -> 0.9922762
A9: 43089 | B9: 39886 | C9: 0 | D9: 0 | E9: 0 | F9: 0 | G9: 39886 | H9: -3897.97 | I9: -3897.97 | J9: 0 | K9: 35988.03 | L9: 0 | M9: 36000 | N9: 0.9996675 | O9: =_xlfn.IFNA(VLOOKUP(A9,sh_auto!B:D,3,FALSE),A8) -> 3287.61 | P9: =O9/$O$2 -> 0.98958822
A10: 43090 | B10: 40376 | C10: 0 | D10: 0 | E10: 0 | F10: 0 | G10: 40376 | H10: -3897.97 | I10: -3897.97 | J10: 0 | K10: 36478.03 | L10: 0 | M10: 36000 | N10: 1.0132786 | O10: =_xlfn.IFNA(VLOOKUP(A10,sh_auto!B:D,3,FALSE),A9) -> 3300.06 | P10: =O10/$O$2 -> 0.99333574
A11: 43091 | B11: 40189.8 | C11: 0 | D11: 0 | E11: 0 | F11: 0 | G11: 40189.8 | H11: -3897.97 | I11: -3897.97 | J11: 0 | K11: 36291.83 | L11: 0 | M11: 36000 | N11: 1.0081064 | O11: =_xlfn.IFNA(VLOOKUP(A11,sh_auto!B:D,3,FALSE),A10) -> 3297.06 | P11: =O11/$O$2 -> 0.99243273
A12: 43094 | B12: 40003.6 | C12: 0 | D12: 0 | E12: 0 | F12: 0 | G12: 40003.6 | H12: -3897.97 | I12: -3897.97 | J12: 0 | K12: 36105.63 | L12: 0 | M12: 36000 | N12: 1.0029342 | O12: =_xlfn.IFNA(VLOOKUP(A12,sh_auto!B:D,3,FALSE),A11) -> 3280.46 | P12: =O12/$O$2 -> 0.98743604
A13: 43095 | B13: 40121.2 | C13: 0 | D13: 0 | E13: 0 | F13: 0 | G13: 40121.2 | H13: -3897.97 | I13: -3897.97 | J13: 0 | K13: 36223.23 | L13: 0 | M13: 36000 | N13: 1.0062008 | O13: =_xlfn.IFNA(VLOOKUP(A13,sh_auto!B:D,3,FALSE),A12) -> 3306.12 | P13: =O13/$O$2 -> 0.99515983
A14: 43096 | B14: 39454.8 | C14: 0 | D14: 0 | E14: 0 | F14: 0 | G14: 39454.8 | H14: -3897.97 | I14: -3897.97 | J14: 0 | K14: 35556.83 | L14: 0 | M14: 36000 | N14: 0.98768972 | O14: =_xlfn.IFNA(VLOOKUP(A14,sh_auto!B:D,3,FALSE),A13) -> 3275.78 | P14: =O14/$O$2 -> 0.98602733
... A248: 43447 | B248: 262720 | C248: 30006.9 | D248: 78982.4 | E248: 19866 | F248: 17680 | G248: 409255.3 | H248: 123688.56 | I248: 123688.56 | J248: 0 | K248: 532943.86 | L248: 0 | M248: 651684 | N248: 0.81779491 | O248: =_xlfn.IFNA(VLOOKUP(A248,sh_auto!B:D,3,FALSE),A247) -> 2634.05 | P248: =O248/$O$2 -> 0.79286316

Sheet sh_auto
A1: Column1 | B1: date | C1: open | D1: close | E1: high | F1: low | G1: volume | H1: code
A2: 0 | B2: 42494 | C2: 2983.03 | D2: 2991.27 | E2: 3004.42 | F2: 2978.33 | G2: 165407106 | H2: sh
A3: 1 | B3: 42495 | C3: 2987.02 | D3: 2997.84 | E3: 2999.12 | F3: 2977.2 | G3: 144831383 | H3: sh
A4: 2 | B4: 42496 | C4: 2998.4 | D4: 2913.25 | E4: 3003.59 | F4: 2913.04 | G4: 206796498 | H4: sh
A5: 3 | B5: 42499 | C5: 2896.16 | D5: 2832.11 | E5: 2896.16 | F5: 2821.83 | G5: 180378330 | H5: sh
A6: 4 | B6: 42500 | C6: 2822.33 | D6: 2832.59 | E6: 2845.24 | F6: 2820.16 | G6: 120829310 | H6: sh
A7: 5 | B7: 42501 | C7: 2843.54 | D7: 2837.04 | E7: 2857.25 | F7: 2818.7 | G7: 135795466 | H7: sh
A8: 6 | B8: 42502 | C8: 2812.11 | D8: 2835.86 | E8: 2839.28 | F8: 2781.24 | G8: 136337655 | H8: sh
A9: 7 | B9: 42503 | C9: 2828.46 | D9: 2827.11 | E9: 2850.09 | F9: 2814.11 | G9: 114319710 | H9: sh
A10: 8 | B10: 42506 | C10: 2816.78 | D10: 2850.86 | E10: 2851.23 | F10: 2804.99 | G10: 114653592 | H10: sh
A11: 9 | B11: 42507 | C11: 2850.93 | D11: 2843.68 | E11: 2860.32 | F11: 2832.46 | G11: 123369064 | H11: sh
A12: 10 | B12: 42508 | C12: 2828.18 | D12: 2807.51 | E12: 2828.26 | F12: 2781.42 | G12: 140487826 | H12: sh
A13: 11 | B13: 42509 | C13: 2802.31 | D13: 2806.91 | E13: 2829.4 | F13: 2801.55 | G13: 111595071 | H13: sh
... A641: 639 | B641: 43447 | C641: 2607.14 | D641: 2634.05 | E641: 2645.84 | F641: 2599.46 | G641: 150738115 | H641: sh

Sheet 图表

Sheet sh
A1: date | B1: open | C1: close | D1: high | E1: low | F1: volume
A2: 42417 | B2: 2829.76 | C2: 2867.34 | D2: 2868.7 | E2: 2824.36 | F2: 216909925
A3: 42418 | B3: 2881.78 | C3: 2862.89 | D3: 2893.21 | E3: 2857.7 | F3: 219203873
A4: 42419 | B4: 2854.9 | C4: 2860.02 | D4: 2872.72 | E4: 2840.49 | F4: 163391413
A5: 42422 | B5: 2888.6 | C5: 2927.18 | D5: 2933.96 | E5: 2880.35 | F5: 232176042
A6: 42423 | B6: 2925.71 | C6: 2903.33 | D6: 2928.05 | E6: 2872.28 | F6: 199740663
A7: 42424 | B7: 2889.88 | C7: 2928.9 | D7: 2929.87 | E7: 2872.27 | F7: 213410384
A8: 42425 | B8: 2922.24 | C8: 2741.25 | D8: 2922.24 | E8: 2729.85 | F8: 270284416
A9: 42426 | B9: 2760.06 | C9: 2767.21 | D9: 2784.75 | E9: 2715.87 | F9: 191110472
A10: 42429 | B10: 2754.81 | C10: 2687.98 | D10: 2755.89 | E10: 2638.96 | F10: 207410709
A11: 42430 | B11: 2688.38 | C11: 2733.17 | D11: 2747.56 | E11: 2668.76 | F11: 187207443
A12: 42431 | B12: 2733.77 | C12: 2849.68 | D12: 2852.7 | E12: 2732.54 | F12: 270961783
A13: 42432 | B13: 2847.33 | C13: 2859.76 | D13: 2878.45 | E13: 2840.87 | F13: 287478210
... A666: 43409 | B666: 2665.43 | C666: 2665.43 | D666: 2673.19 | E666: 2639.27 | F666: 193760100
